{
  "Author": "attick, Kami, Daemitus, Grammernatzi, Aki, Iaotle, Codemned, PrincessRTFM, damolitionn, ele-starshade, k-kz",
  "Name": "XIVSlothCombo",
  "InternalName": "XIVSlothCombo",
  "AssemblyVersion": "3.0.8.8",
  "Description": "Condenses combos and mutually exclusive abilities onto a single button - and then some.",
  "ApplicableVersion": "any",
  "RepoUrl": "https://github.com/Nik-Potokar/XIVSlothCombo",
  "DalamudApiLevel": 5,
  "LoadPriority": 0,
  "ImageUrls": [
    "https://i.imgur.com/UeRukF8.png"
  ],
  "IconUrl": "https://i.imgur.com/UeRukF8.png",
  "Punchline": "Condenses combos and mutually exclusive abilities onto a single button - and then some.",
  "Changelog": "Updates and features/fixes for AST, BLM, DRG, GNB, NIN, SGE and WAR. Please check the project's GitHub or Discord for a full changelog."
}