{
  "Author": "attick, Kami, Daemitus, Grammernatzi, Aki, Iaotle, Codemned, PrincessRTFM, damolitionn, ele-starshade, k-kz, Taurenkey, Augporto, grimgal",
  "Name": "XIVSlothCombo",
  "InternalName": "XIVSlothCombo",
  "AssemblyVersion": "3.0.9.2",
  "Description": "Condenses combos and mutually exclusive abilities onto a single button - and then some.",
  "ApplicableVersion": "any",
  "RepoUrl": "https://github.com/Nik-Potokar/XIVSlothCombo",
  "DalamudApiLevel": 5,
  "LoadPriority": 0,
  "ImageUrls": [
    "https://i.imgur.com/UeRukF8.png"
  ],
  "IconUrl": "https://i.imgur.com/UeRukF8.png",
  "Punchline": "Condenses combos and mutually exclusive abilities onto a single button - and then some.",
  "Changelog": "Features, Fixes & Enhancements for Framework, Tanks (Global), BRD, DRK, GNB, MNK and RDM. Please check the project's GitHub or Discord for a full changelog."
}